track,outcome,finished,progress_frac,offroad_frac,laptime_steps,laptime_s,length_m,mean_speed,max_speed,grip_used,slip_p95,steer_jerk,reward
Austin,lap,1,1.0002,0.0,1972,197.2,5506.2,27.63,67.05,0.782,4.6,0.0212,591.3
BrandsHatch,lap,1,1.001,0.0,1354,135.4,3904.1,28.51,51.36,0.703,2.8,0.0137,432.1
Budapest,lap,1,1.0005,0.0,1621,162.1,4376.1,26.59,54.34,0.731,2.87,0.0168,478.4
Catalunya,lap,1,1.0002,0.0,1685,168.5,4649.0,27.2,60.64,0.738,2.64,0.0177,505.7
Hockenheim,lap,1,1.0007,0.0,1572,157.2,4568.5,28.72,52.59,0.74,3.65,0.0179,498.4
IMS,lap,1,1.001,0.0,934,93.4,4022.3,43.0,67.3,0.515,1.61,0.0032,447.0
Melbourne,lap,1,1.0,0.0,1818,181.8,5297.9,28.89,57.26,0.757,6.29,0.0215,570.8
MexicoCity,lap,1,1.0011,0.0,1555,155.5,4295.9,27.41,63.22,0.801,4.89,0.0273,470.5
Montreal,lap,1,1.0007,0.0,1457,145.7,4356.6,29.72,57.08,0.804,3.14,0.0197,477.4
Monza,lap,1,1.0008,0.0,1608,160.8,5789.6,35.88,63.68,0.699,3.32,0.0129,622.3
MoscowRaceway,lap,1,1.0009,0.0,1596,159.6,4062.0,25.04,64.77,0.796,5.67,0.0281,446.3
Norisring,lap,1,1.0014,0.0,809,80.9,2295.1,28.1,51.01,0.795,4.26,0.0227,271.0
Nuerburgring,lap,1,1.0001,0.0,1800,180.0,5143.3,28.18,58.68,0.726,2.93,0.0163,555.4
Oschersleben,lap,1,1.0012,0.0,1398,139.8,3691.7,26.02,53.94,0.75,3.54,0.0166,410.1
Sakhir,lap,1,1.0006,0.0,1790,179.0,5404.8,29.94,59.84,0.762,5.17,0.0215,582.1
SaoPaulo,lap,1,1.0002,0.0,1537,153.7,4304.0,27.57,56.13,0.732,3.43,0.0175,471.4
Sepang,lap,1,1.0002,0.0,1906,190.6,5536.4,28.63,61.39,0.741,3.52,0.0195,594.8
Shanghai,lap,1,1.0003,0.0,1905,190.5,5443.9,28.15,68.65,0.684,3.8,0.0213,585.3
Silverstone,lap,1,1.0005,0.0,1974,197.4,5886.1,29.52,57.9,0.705,2.22,0.0132,630.3
Sochi,lap,1,1.0001,0.0,2077,207.7,5840.1,27.88,58.98,0.758,4.77,0.0229,624.6
Spa,lap,1,1.0001,0.0,2214,221.4,6999.2,31.35,62.56,0.652,2.28,0.0135,741.8
Spielberg,lap,1,1.0005,0.0,1370,137.0,4314.9,31.22,54.62,0.653,5.44,0.0147,473.7
Suzuka,lap,1,1.0004,0.0,1982,198.2,5802.2,28.95,56.97,0.667,2.47,0.0139,621.7
YasMarina,lap,1,1.0003,0.0,2016,201.6,5544.6,27.3,64.53,0.793,9.58,0.032,594.6
Zandvoort,lap,1,1.0011,0.0,1602,160.2,4315.7,26.52,55.11,0.708,2.8,0.0166,472.6
